{
    "sceneData": {
        "lightPos": {
            "x": 0.0,
            "y": 10.0,
            "z": 0.0
        },
        "models": [
            "dabrovic_sponza/sponza.obj",
            "porsche/porsche.obj",
            "basicCube/cube.obj"
        ]
    },
    "viewData": {
        "byInGridPos": true,
        "byStep": false,
        "geometry": "coloredCube/coloredCube.obj",
        "novelView": {
            "cameraPos": {
                "x": 10.656083106994629,
                "y": 7.7916131019592285,
                "z": -1.1330136060714722
            },
            "fov": 45.0,
            "viewDir": {
                "x": -0.9215013384819031,
                "y": -0.35111334919929504,
                "z": 0.16594260931015015
            }
        },
        "viewGrid": {
            "fov": 75.0,
            "location": {
                "x": 11.783839225769043,
                "y": 7.762494087219238,
                "z": -1.3775932788848877
            },
            "viewDir": {
                "x": -0.9644842147827148,
                "y": -0.23061515390872955,
                "z": 0.1287612020969391
            }
        },
        "views": [
            [
                {
                    "gridPos": {
                        "x": -0.75,
                        "y": 0.75,
                        "z": 0.0
                    },
                    "viewDir": {
                        "x": 0.0,
                        "y": 0.0,
                        "z": -1.0
                    }
                },
                {
                    "gridPos": {
                        "x": -0.25,
                        "y": 0.75,
                        "z": 0.0
                    },
                    "viewDir": {
                        "x": 0.0,
                        "y": 0.0,
                        "z": -1.0
                    }
                },
                {
                    "gridPos": {
                        "x": 0.25,
                        "y": 0.75,
                        "z": 0.0
                    },
                    "viewDir": {
                        "x": 0.0,
                        "y": 0.0,
                        "z": -1.0
                    }
                },
                {
                    "gridPos": {
                        "x": 0.75,
                        "y": 0.75,
                        "z": 0.0
                    },
                    "viewDir": {
                        "x": 0.0,
                        "y": 0.0,
                        "z": -1.0
                    }
                }
            ],
            [
                {
                    "gridPos": {
                        "x": -0.75,
                        "y": 0.25,
                        "z": 0.0
                    },
                    "viewDir": {
                        "x": 0.0,
                        "y": 0.0,
                        "z": -1.0
                    }
                },
                {
                    "gridPos": {
                        "x": -0.25,
                        "y": 0.25,
                        "z": 0.0
                    },
                    "viewDir": {
                        "x": 0.0,
                        "y": 0.0,
                        "z": -1.0
                    }
                },
                {
                    "gridPos": {
                        "x": 0.25,
                        "y": 0.25,
                        "z": 0.0
                    },
                    "viewDir": {
                        "x": 0.0,
                        "y": 0.0,
                        "z": -1.0
                    }
                },
                {
                    "gridPos": {
                        "x": 0.75,
                        "y": 0.25,
                        "z": 0.0
                    },
                    "viewDir": {
                        "x": 0.0,
                        "y": 0.0,
                        "z": -1.0
                    }
                }
            ],
            [
                {
                    "gridPos": {
                        "x": -0.75,
                        "y": -0.25,
                        "z": 0.0
                    },
                    "viewDir": {
                        "x": 0.0,
                        "y": 0.0,
                        "z": -1.0
                    }
                },
                {
                    "gridPos": {
                        "x": -0.25,
                        "y": -0.25,
                        "z": 0.0
                    },
                    "viewDir": {
                        "x": 0.0,
                        "y": 0.0,
                        "z": -1.0
                    }
                },
                {
                    "gridPos": {
                        "x": 0.25,
                        "y": -0.25,
                        "z": 0.0
                    },
                    "viewDir": {
                        "x": 0.0,
                        "y": 0.0,
                        "z": -1.0
                    }
                },
                {
                    "gridPos": {
                        "x": 0.75,
                        "y": -0.25,
                        "z": 0.0
                    },
                    "viewDir": {
                        "x": 0.0,
                        "y": 0.0,
                        "z": -1.0
                    }
                }
            ],
            [
                {
                    "gridPos": {
                        "x": -0.75,
                        "y": -0.75,
                        "z": 0.0
                    },
                    "viewDir": {
                        "x": 0.0,
                        "y": 0.0,
                        "z": -1.0
                    }
                },
                {
                    "gridPos": {
                        "x": -0.25,
                        "y": -0.75,
                        "z": 0.0
                    },
                    "viewDir": {
                        "x": 0.0,
                        "y": 0.0,
                        "z": -1.0
                    }
                },
                {
                    "gridPos": {
                        "x": 0.25,
                        "y": -0.75,
                        "z": 0.0
                    },
                    "viewDir": {
                        "x": 0.0,
                        "y": 0.0,
                        "z": -1.0
                    }
                },
                {
                    "gridPos": {
                        "x": 0.75,
                        "y": -0.75,
                        "z": 0.0
                    },
                    "viewDir": {
                        "x": 0.0,
                        "y": 0.0,
                        "z": -1.0
                    }
                }
            ]
        ]
    }
}