{
    "sceneData": {
        "lightPos": {
            "x": 0.0,
            "y": 10.0,
            "z": 0.0
        },
        "models": [
            "dabrovic_sponza/sponza.obj",
            "porsche/porsche.obj",
            "basicCube/cube.obj"
        ]
    },
    "viewData": {
        "byInGridPos": true,
        "byStep": false,
        "geometry": "coloredCube/coloredCube.obj",
        "novelView": {
            "cameraPos": {
                "x": 7.247269153594971,
                "y": 3.0675086975097656,
                "z": -0.41279420256614685
            },
            "fov": 45.0,
            "viewDir": {
                "x": -0.9740777611732483,
                "y": -0.22431734204292297,
                "z": 0.028342608362436295
            }
        },
        "viewGrid": {
            "fov": 75.0,
            "location": {
                "x": 7.034979343414307,
                "y": 3.2965848445892334,
                "z": -0.5106251239776611
            },
            "viewDir": {
                "x": -0.9615998268127441,
                "y": -0.27439168095588684,
                "z": 0.0034964540973305702
            }
        },
        "views": [
            [
                {
                    "gridPos": {
                        "x": -0.75,
                        "y": 0.75,
                        "z": 0.0
                    },
                    "viewDir": {
                        "x": 0.0,
                        "y": 0.0,
                        "z": -1.0
                    }
                },
                {
                    "gridPos": {
                        "x": -0.25,
                        "y": 0.75,
                        "z": 0.0
                    },
                    "viewDir": {
                        "x": 0.0,
                        "y": 0.0,
                        "z": -1.0
                    }
                },
                {
                    "gridPos": {
                        "x": 0.25,
                        "y": 0.75,
                        "z": 0.0
                    },
                    "viewDir": {
                        "x": 0.0,
                        "y": 0.0,
                        "z": -1.0
                    }
                },
                {
                    "gridPos": {
                        "x": 0.75,
                        "y": 0.75,
                        "z": 0.0
                    },
                    "viewDir": {
                        "x": 0.0,
                        "y": 0.0,
                        "z": -1.0
                    }
                }
            ],
            [
                {
                    "gridPos": {
                        "x": -0.75,
                        "y": 0.25,
                        "z": 0.0
                    },
                    "viewDir": {
                        "x": 0.0,
                        "y": 0.0,
                        "z": -1.0
                    }
                },
                {
                    "gridPos": {
                        "x": -0.25,
                        "y": 0.25,
                        "z": 0.0
                    },
                    "viewDir": {
                        "x": 0.0,
                        "y": 0.0,
                        "z": -1.0
                    }
                },
                {
                    "gridPos": {
                        "x": 0.25,
                        "y": 0.25,
                        "z": 0.0
                    },
                    "viewDir": {
                        "x": 0.0,
                        "y": 0.0,
                        "z": -1.0
                    }
                },
                {
                    "gridPos": {
                        "x": 0.75,
                        "y": 0.25,
                        "z": 0.0
                    },
                    "viewDir": {
                        "x": 0.0,
                        "y": 0.0,
                        "z": -1.0
                    }
                }
            ],
            [
                {
                    "gridPos": {
                        "x": -0.75,
                        "y": -0.25,
                        "z": 0.0
                    },
                    "viewDir": {
                        "x": 0.0,
                        "y": 0.0,
                        "z": -1.0
                    }
                },
                {
                    "gridPos": {
                        "x": -0.25,
                        "y": -0.25,
                        "z": 0.0
                    },
                    "viewDir": {
                        "x": 0.0,
                        "y": 0.0,
                        "z": -1.0
                    }
                },
                {
                    "gridPos": {
                        "x": 0.25,
                        "y": -0.25,
                        "z": 0.0
                    },
                    "viewDir": {
                        "x": 0.0,
                        "y": 0.0,
                        "z": -1.0
                    }
                },
                {
                    "gridPos": {
                        "x": 0.75,
                        "y": -0.25,
                        "z": 0.0
                    },
                    "viewDir": {
                        "x": 0.0,
                        "y": 0.0,
                        "z": -1.0
                    }
                }
            ],
            [
                {
                    "gridPos": {
                        "x": -0.75,
                        "y": -0.75,
                        "z": 0.0
                    },
                    "viewDir": {
                        "x": 0.0,
                        "y": 0.0,
                        "z": -1.0
                    }
                },
                {
                    "gridPos": {
                        "x": -0.25,
                        "y": -0.75,
                        "z": 0.0
                    },
                    "viewDir": {
                        "x": 0.0,
                        "y": 0.0,
                        "z": -1.0
                    }
                },
                {
                    "gridPos": {
                        "x": 0.25,
                        "y": -0.75,
                        "z": 0.0
                    },
                    "viewDir": {
                        "x": 0.0,
                        "y": 0.0,
                        "z": -1.0
                    }
                },
                {
                    "gridPos": {
                        "x": 0.75,
                        "y": -0.75,
                        "z": 0.0
                    },
                    "viewDir": {
                        "x": 0.0,
                        "y": 0.0,
                        "z": -1.0
                    }
                }
            ]
        ]
    }
}