{
    "sceneData": {
        "lightPos": {
            "x": 0.0,
            "y": 10.0,
            "z": 0.0
        },
        "models": [
            "dabrovic_sponza/sponza.obj",
            "porsche/porsche.obj",
            "basicCube/cube.obj"
        ]
    },
    "viewData": {
        "byInGridPos": true,
        "byStep": false,
        "geometry": "coloredCube/coloredCube.obj",
        "novelView": {
            "cameraPos": {
                "x": 9.46311092376709,
                "y": 2.2594659328460693,
                "z": 0.10495973378419876
            },
            "fov": 45.0,
            "viewDir": {
                "x": -0.9975816607475281,
                "y": -0.06459672749042511,
                "z": 0.02539672702550888
            }
        },
        "viewGrid": {
            "fov": 75.0,
            "location": {
                "x": 10.0,
                "y": 2.0,
                "z": 0.0
            },
            "viewDir": {
                "x": -1.0,
                "y": 0.0,
                "z": 0.0
            }
        },
        "views": [
            [
                {
                    "gridPos": {
                        "x": -0.5,
                        "y": 0.5,
                        "z": 0.0
                    },
                    "viewDir": {
                        "x": -0.03222184628248215,
                        "y": -0.17364805936813354,
                        "z": -0.9842792749404907
                    }
                },
                {
                    "gridPos": {
                        "x": 0.0,
                        "y": 0.5,
                        "z": 0.0
                    },
                    "viewDir": {
                        "x": 0.0,
                        "y": 0.0,
                        "z": -1.0
                    }
                },
                {
                    "gridPos": {
                        "x": 0.5,
                        "y": 0.5,
                        "z": 0.0
                    },
                    "viewDir": {
                        "x": 0.0,
                        "y": 0.0,
                        "z": -1.0
                    }
                },
                {
                    "gridPos": {
                        "x": 1.0,
                        "y": 0.5,
                        "z": 0.0
                    },
                    "viewDir": {
                        "x": 0.0,
                        "y": 0.0,
                        "z": -1.0
                    }
                }
            ],
            [
                {
                    "gridPos": {
                        "x": -0.5,
                        "y": 0.0,
                        "z": 0.0
                    },
                    "viewDir": {
                        "x": -0.08711881935596466,
                        "y": 0.029084715992212296,
                        "z": -0.9957729578018188
                    }
                },
                {
                    "gridPos": {
                        "x": 0.0,
                        "y": 0.0,
                        "z": 0.0
                    },
                    "viewDir": {
                        "x": -0.10853923112154007,
                        "y": 0.07749239355325699,
                        "z": -0.991064190864563
                    }
                },
                {
                    "gridPos": {
                        "x": 0.5,
                        "y": 0.0,
                        "z": 0.0
                    },
                    "viewDir": {
                        "x": 0.0,
                        "y": 0.0,
                        "z": -1.0
                    }
                },
                {
                    "gridPos": {
                        "x": 1.0,
                        "y": 0.0,
                        "z": 0.0
                    },
                    "viewDir": {
                        "x": 0.0,
                        "y": 0.0,
                        "z": -1.0
                    }
                }
            ],
            [
                {
                    "gridPos": {
                        "x": -0.5,
                        "y": -0.5,
                        "z": 0.0
                    },
                    "viewDir": {
                        "x": -0.20042729377746582,
                        "y": 0.009696122258901596,
                        "z": -0.9796604514122009
                    }
                },
                {
                    "gridPos": {
                        "x": 0.0,
                        "y": -0.5,
                        "z": 0.0
                    },
                    "viewDir": {
                        "x": 0.0,
                        "y": 0.0,
                        "z": -1.0
                    }
                },
                {
                    "gridPos": {
                        "x": 0.5,
                        "y": -0.5,
                        "z": 0.0
                    },
                    "viewDir": {
                        "x": 0.0,
                        "y": 0.0,
                        "z": -1.0
                    }
                },
                {
                    "gridPos": {
                        "x": 1.0,
                        "y": -0.5,
                        "z": 0.0
                    },
                    "viewDir": {
                        "x": 0.0,
                        "y": 0.0,
                        "z": -1.0
                    }
                }
            ],
            [
                {
                    "gridPos": {
                        "x": -0.5,
                        "y": -1.0,
                        "z": 0.0
                    },
                    "viewDir": {
                        "x": 0.0,
                        "y": 0.0,
                        "z": -1.0
                    }
                },
                {
                    "gridPos": {
                        "x": 0.0,
                        "y": -1.0,
                        "z": 0.0
                    },
                    "viewDir": {
                        "x": 0.0,
                        "y": 0.0,
                        "z": -1.0
                    }
                },
                {
                    "gridPos": {
                        "x": 0.5,
                        "y": -1.0,
                        "z": 0.0
                    },
                    "viewDir": {
                        "x": 0.0,
                        "y": 0.0,
                        "z": -1.0
                    }
                },
                {
                    "gridPos": {
                        "x": 1.0,
                        "y": -1.0,
                        "z": 0.0
                    },
                    "viewDir": {
                        "x": 0.0,
                        "y": 0.0,
                        "z": -1.0
                    }
                }
            ]
        ]
    }
}